episode,score,steps,total_steps,exploration,mean_loss,elapsed_seconds,terminated,truncated
1,130.0,385,385,1.0,nan,0.16479520898428746,True,False
2,460.0,702,1087,0.2,0.025979083650533787,0.8828327919763979,True,False
3,430.0,506,1593,0.2,0.027948304171138628,4.001869833999081,True,False
4,680.0,920,2513,0.2,0.026404508344737974,7.882235208991915,True,False
5,470.0,483,2996,0.2,0.024370704865090794,9.306349999998929,True,False
6,510.0,438,3434,0.2,0.027981129097389142,10.558127625001362,True,False
7,430.0,374,3808,0.2,0.03332692325521419,11.638025583990384,True,False
8,420.0,499,4307,0.2,0.0349430029464495,13.090399791981326,True,False
9,1370.0,977,5284,0.2,0.03812375779320695,15.965815167000983,True,False
10,190.0,412,5696,0.2,0.037070684252505745,17.15975541700027,True,False
11,430.0,499,6195,0.2,0.03764489433735669,18.62651258398546,True,False
12,320.0,371,6566,0.2,0.041920089433270115,19.695963624981232,True,False
13,440.0,508,7074,0.2,0.03867897511951215,21.13772579198121,True,False
14,460.0,450,7524,0.2,0.03508137413547827,22.508237624977482,True,False
15,1760.0,874,8398,0.2,0.04198361126761542,25.093408124987036,True,False
16,1280.0,775,9173,0.2,0.04383630412822762,27.332872583996505,True,False
17,850.0,606,9779,0.2,0.042186511344344216,29.203936166974017,True,False
18,870.0,758,10537,0.2,0.04350971866055931,31.367154791980283,True,False
19,2050.0,743,11280,0.2,0.04839603490226211,33.536414916976355,True,False
20,120.0,401,11681,0.2,0.04346023512538522,34.71429287499632,True,False
21,930.0,981,12662,0.2,0.047825812004810696,37.53285154199693,True,False
22,290.0,399,13061,0.2,0.047428547870367765,38.75625174999004,True,False
23,970.0,817,13878,0.2,0.04739098684570076,41.13573091698345,True,False
24,1320.0,884,14762,0.2,0.04382277455294665,43.719133334001526,True,False
25,480.0,510,15272,0.2,0.04256386229280906,45.210612833994674,True,False
26,490.0,649,15921,0.2,0.046316873229016765,50.33730024998658,True,False
27,880.0,834,16755,0.2,0.04503478335055451,54.44462220897549,True,False
28,310.0,396,17151,0.2,0.048422845849541554,55.6111462089757,True,False
29,550.0,534,17685,0.2,0.046781127507895676,57.14809024997521,True,False
30,1050.0,595,18280,0.2,0.049778280782844596,58.928364124993095,True,False
31,620.0,816,19096,0.2,0.04465311152664214,61.25318920897553,True,False
32,760.0,675,19771,0.2,0.04437005491594651,63.43604754199623,True,False
33,2030.0,824,20595,0.2,0.048992055133708474,65.8250359169906,True,False
34,280.0,403,20998,0.2,0.04723984054704704,66.99819808398024,True,False
35,390.0,522,21520,0.2,0.05482425432979264,68.63704116697772,True,False
36,380.0,539,22059,0.2,0.052670749853045415,70.18632820897619,True,False
37,1030.0,800,22859,0.2,0.05020728192757815,72.47197774998494,True,False
38,280.0,408,23267,0.2,0.047987729005113826,73.67718774999958,True,False
39,790.0,868,24135,0.2,0.047971636401317706,76.18291212499025,True,False
40,660.0,641,24776,0.2,0.0492900076166073,78.03592949997983,True,False
41,920.0,756,25532,0.2,0.053936850139132096,80.34834341699025,True,False
42,710.0,642,26174,0.2,0.0530750252015423,82.23246158397524,True,False
43,270.0,400,26574,0.2,0.053052302170544866,83.4329342089768,True,False
44,340.0,434,27008,0.2,0.05310215360972039,84.67759604199091,True,False
45,660.0,793,27801,0.2,0.0622692237081326,86.99872791700182,True,False
46,870.0,846,28647,0.2,0.05246285214949558,89.62864499998977,True,False
47,1040.0,649,29296,0.2,0.05173956282276866,91.52337062498555,True,False
48,1030.0,677,29973,0.2,0.058851200370834425,93.66109929198865,True,False
49,1420.0,836,30809,0.2,0.05497056356314837,96.10880283400184,True,False
50,480.0,445,31254,0.2,0.055404253631226114,97.40694783398067,True,False
51,590.0,541,31795,0.2,0.05853773639709861,100.11883762499201,True,False
52,670.0,608,32403,0.2,0.05734884192076463,101.96779587498168,True,False
53,320.0,412,32815,0.2,0.060023366817209906,103.34804787498433,True,False
54,600.0,671,33486,0.2,0.06367608770406583,107.61317174998112,True,False
55,430.0,590,34076,0.2,0.06818619041980521,110.15297808399191,True,False
56,1040.0,922,34998,0.2,0.06279908706150625,112.81543891699403,True,False
57,1340.0,719,35717,0.2,0.06794585323789054,114.95158620897564,True,False
58,1150.0,837,36554,0.2,0.07077497701075944,117.34291599999415,True,False
59,1030.0,1376,37930,0.2,0.06327133085768194,121.43260791699868,True,False
60,990.0,745,38675,0.2,0.061569745812605145,123.7242625419749,True,False
61,290.0,371,39046,0.2,0.07190203012758366,124.82698833398172,True,False
62,720.0,600,39646,0.2,0.06287309449786942,126.59369749997859,True,False
63,980.0,738,40384,0.2,0.06477244177682175,129.45490670899744,True,False
64,360.0,509,40893,0.2,0.07374880547217262,131.2882643339981,True,False
65,1060.0,511,41404,0.2,0.06713109913107473,132.81015154198394,True,False
66,900.0,556,41960,0.2,0.06961382121490918,136.1588067499979,True,False
67,1090.0,826,42786,0.2,0.06889281373977371,138.56179074998363,True,False
68,650.0,622,43408,0.2,0.07425990116854127,140.30620758398436,True,False
69,1320.0,965,44373,0.2,0.06858408946884,142.99671216699062,True,False
70,1040.0,621,44994,0.2,0.06717046751610695,144.76340499997605,True,False
71,1310.0,615,45609,0.2,0.0724133927217842,146.53676487499615,True,False
72,1380.0,765,46374,0.2,0.06348651006856826,148.7633595840016,True,False
73,600.0,526,46900,0.2,0.06450875603001226,150.26820658397628,True,False
74,310.0,329,47229,0.2,0.06895407305167216,151.22137983399443,True,False
75,520.0,634,47863,0.2,0.07595635467810155,153.01483699999517,True,False
76,2110.0,665,48528,0.2,0.06890355708066397,158.16349624999566,True,False
77,790.0,601,49129,0.2,0.06976561181247234,159.87983337498736,True,False
78,1260.0,769,49898,0.2,0.06645898189647899,162.06948462498258,True,False
79,340.0,555,50453,0.2,0.07225290458086583,163.92483708399232,True,False
80,1370.0,804,51257,0.2,0.07293796160290787,166.35785124998074,True,False
81,630.0,570,51827,0.2,0.06945658251512009,168.37222133399337,True,False
82,530.0,477,52304,0.2,0.07177467091629902,169.9567163749889,True,False
83,450.0,388,52692,0.2,0.07023374832321688,171.3510567919875,True,False
84,520.0,453,53145,0.2,0.07803329859604746,173.79378170898417,True,False
85,490.0,504,53649,0.2,0.08127543937769674,175.257494666992,True,False
86,280.0,347,53996,0.2,0.0722621439624278,176.2876119169814,True,False
87,660.0,594,54590,0.2,0.08519910293555744,179.15852783399168,True,False
88,1060.0,1019,55609,0.2,0.07633323495951938,182.23511770900222,True,False
89,1150.0,1299,56908,0.2,0.08203948567119929,187.02833266698872,True,False
90,650.0,707,57615,0.2,0.07636880361877213,190.83720566699049,True,False
91,380.0,492,58107,0.2,0.0709620630822894,192.25088041697745,True,False
92,430.0,545,58652,0.2,0.08256571452017791,193.931781124993,True,False
93,1190.0,820,59472,0.2,0.07120675129316202,197.3372772919829,True,False
94,880.0,661,60133,0.2,0.08092893275121847,201.44138829197618,True,False
95,560.0,582,60715,0.2,0.07040479023266455,203.20806166698458,True,False
96,650.0,673,61388,0.2,0.08166527937127817,205.1999769169779,True,False
97,300.0,465,61853,0.2,0.08994429118545919,207.68959420899046,True,False
98,520.0,570,62423,0.2,0.08504481397201898,209.92259595898213,True,False
99,1500.0,863,63286,0.2,0.07998205631695411,213.15209179199883,True,False
100,1070.0,657,63943,0.2,0.08591569174739827,215.47955104199355,True,False
